{"cameraMode":{"drawMode":0,"name":"Shaded","section":"Shading Mode"},"sceneLighting":true,"audioPlay":false,"sceneViewState":{"m_AlwaysRefresh":false,"showFog":true,"showSkybox":true,"showFlares":true,"showImageEffects":true,"showParticleSystems":true,"showVisualEffectGraphs":true,"m_FxEnabled":true},"in2DMode":false,"pivot":{"x":2.8748929500579836,"y":0.1875779628753662,"z":-0.16226553916931153},"rotation":{"x":0.1575525850057602,"y":0.7247241735458374,"z":-0.17646494507789613,"w":0.6472640633583069},"size":4.287304878234863,"orthographic":false}