{"cameraMode":{"drawMode":0,"name":"Shaded","section":"Shading Mode"},"sceneLighting":false,"audioPlay":false,"sceneViewState":{"m_AlwaysRefresh":false,"showFog":true,"showSkybox":false,"showFlares":true,"showImageEffects":true,"showParticleSystems":true,"showVisualEffectGraphs":true,"m_FxEnabled":true},"in2DMode":false,"pivot":{"x":0.005249500274658203,"y":1.0207951068878174,"z":-1.522388219833374},"rotation":{"x":0.3153126537799835,"y":0.34230855107307436,"z":-0.12312466651201248,"w":0.8765275478363037},"size":1.890587329864502,"orthographic":false}