{"cameraMode":{"drawMode":0,"name":"Shaded","section":"Shading Mode"},"sceneLighting":false,"audioPlay":false,"sceneViewState":{"m_AlwaysRefresh":false,"showFog":true,"showSkybox":false,"showFlares":true,"showImageEffects":true,"showParticleSystems":true,"showVisualEffectGraphs":true,"m_FxEnabled":true},"in2DMode":false,"pivot":{"x":-0.023593246936798097,"y":0.5537045001983643,"z":0.22860383987426759},"rotation":{"x":-0.3629312515258789,"y":-0.20518578588962556,"z":0.0822652205824852,"w":-0.9052183628082275},"size":1.7148479223251343,"orthographic":false}