{"cameraMode":{"drawMode":0,"name":"Shaded","section":"Shading Mode"},"sceneLighting":false,"audioPlay":false,"sceneViewState":{"m_AlwaysRefresh":false,"showFog":true,"showSkybox":false,"showFlares":true,"showImageEffects":true,"showParticleSystems":true,"showVisualEffectGraphs":true,"m_FxEnabled":true},"in2DMode":false,"pivot":{"x":0.02595221996307373,"y":4.47991418838501,"z":-0.14044594764709474},"rotation":{"x":-0.40106499195098879,"y":-0.02445828914642334,"z":0.010746804066002369,"w":-0.9157201051712036},"size":5.02548885345459,"orthographic":false}