{"cameraMode":{"drawMode":0,"name":"Shaded","section":"Shading Mode"},"sceneLighting":false,"audioPlay":false,"sceneViewState":{"m_AlwaysRefresh":false,"showFog":true,"showSkybox":false,"showFlares":true,"showImageEffects":true,"showParticleSystems":true,"showVisualEffectGraphs":true,"m_FxEnabled":true},"in2DMode":false,"pivot":{"x":-1.5399999618530274,"y":3.049999952316284,"z":-0.1899999976158142},"rotation":{"x":-0.38601717352867129,"y":0.0019342729356139899,"z":-0.0008097192039713264,"w":-0.9224929213523865},"size":0.8660253882408142,"orthographic":false}