{"cameraMode":{"drawMode":0,"name":"Shaded","section":"Shading Mode"},"sceneLighting":false,"audioPlay":false,"sceneViewState":{"m_AlwaysRefresh":false,"showFog":true,"showSkybox":false,"showFlares":true,"showImageEffects":true,"showParticleSystems":true,"showVisualEffectGraphs":true,"m_FxEnabled":true},"in2DMode":false,"pivot":{"x":-1.1920928955078126e-7,"y":1.7710847854614258,"z":-0.5901271104812622},"rotation":{"x":0.12297896295785904,"y":-0.8760073184967041,"z":0.30625608563423159,"w":0.3518495261669159},"size":2.8378069400787355,"orthographic":false}